<ImportExportXml xmlns:xsi="http://www.w3.org/2001/XMLSchema-instance">
  <Entities></Entities>
  <Roles></Roles>
  <Workflows></Workflows>
  <FieldSecurityProfiles></FieldSecurityProfiles>
  <Templates />
  <EntityMaps />
  <EntityRelationships />
  <OrganizationSettings />
  <optionsets />
  <CustomControls>
    <CustomControl>
      <Name>tema_Technomancy.StripePayments3</Name>
      <FileName>/Controls/tema_Technomancy.StripePayments3/ControlManifest.xml</FileName>
    </CustomControl>
  </CustomControls>
  <EntityDataProviders />
  <CanvasApps>
    <CanvasApp>
      <Name>tema_stripepaymentsdemo_aa230</Name>
      <AppVersion>2020-03-29T07:22:43Z</AppVersion>
      <Status>Ready</Status>
      <CreatedByClientVersion>3.20023.6.0</CreatedByClientVersion>
      <MinClientVersion>3.20023.6.0</MinClientVersion>
      <Tags>{"primaryDeviceWidth":"640","primaryDeviceHeight":"1136","sienaVersion":"253e0867-698d-4654-b72b-574741969b80","deviceCapabilities":"","supportsPortrait":"true","supportsLandscape":"false","primaryFormFactor":"Phone","publisherVersion":"3.20023.6","minimumRequiredApiVersion":"2.2.0","hasComponent":"false","hasUnlockedComponent":"false"}</Tags>
      <IsCdsUpgraded>0</IsCdsUpgraded>
      <GalleryItemId xsi:nil="true"></GalleryItemId>
      <BackgroundColor>rgba(0, 176, 240, 1)</BackgroundColor>
      <DisplayName>StripePaymentsDemo</DisplayName>
      <Description xsi:nil="true"></Description>
      <CommitMessage xsi:nil="true"></CommitMessage>
      <Publisher xsi:nil="true"></Publisher>
      <AuthorizationReferences xsi:nil="true"></AuthorizationReferences>
      <ConnectionReferences>{"fb684008-1e35-4d23-86ba-45483b6386d9":{"id":"/providers/microsoft.powerapps/apis/shared_tema-5fstripepaymentintents-5f0737a3a710d0a84e","displayName":"StripePaymentIntents","iconUri":"https://prodapiicons.cdn.powerappscdn.net/20200329t000000zdf6cd419e8f7463fb8c92c2d9316856f/customconnectoricon.png","dataSources":["StripePaymentIntent"],"dependencies":[],"dependents":[],"parameterHints":{},"isOnPremiseConnection":false,"bypassConsent":false,"dataSets":{},"apiTier":"Standard"}}</ConnectionReferences>
      <DatabaseReferences>{}</DatabaseReferences>
      <BypassConsent>0</BypassConsent>
      <AdminControlBypassConsent>0</AdminControlBypassConsent>
      <EmbeddedApp xsi:nil="true"></EmbeddedApp>
      <IntroducedVersion>1.0</IntroducedVersion>
      <CdsDependencies>{"cdsdependencies":[]}</CdsDependencies>
      <BackgroundImageUri>/CanvasApps/tema_stripepaymentsdemo_aa230_BackgroundImageUri</BackgroundImageUri>
      <DocumentUri>/CanvasApps/tema_stripepaymentsdemo_aa230_DocumentUri.msapp</DocumentUri>
    </CanvasApp>
  </CanvasApps>
  <Connectors>
    <Connector>
      <connectorid>d46ad7ff-d272-48ad-b475-9c68fb9edc26</connectorid>
      <description>Stripe PaymentIntent API connector</description>
      <displayname>StripePaymentIntents</displayname>
      <iconbrandcolor>#007ee5</iconbrandcolor>
      <name>tema_5Fstripepaymentintents</name>
      <connectortype>1</connectortype>
      <openapidefinition>/Connector/tema_5Fstripepaymentintents_openapidefinition.json</openapidefinition>
      <connectionparameters>/Connector/tema_5Fstripepaymentintents_connectionparameters.json</connectionparameters>
      <policytemplateinstances>/Connector/tema_5Fstripepaymentintents_policytemplateinstances.json</policytemplateinstances>
      <iconblob>/Connector/tema_5Fstripepaymentintents_iconblob.Jpeg</iconblob>
    </Connector>
  </Connectors>
  <Languages>
    <Language>1033</Language>
  </Languages>
</ImportExportXml>