<ImportExportXml xmlns:xsi="http://www.w3.org/2001/XMLSchema-instance">
  <Entities></Entities>
  <Roles></Roles>
  <Workflows></Workflows>
  <FieldSecurityProfiles></FieldSecurityProfiles>
  <Templates />
  <EntityMaps />
  <EntityRelationships />
  <OrganizationSettings />
  <optionsets />
  <CustomControls>
    <CustomControl>
      <Name>tema_Technomancy.StripePayments3</Name>
      <FileName>/Controls/tema_Technomancy.StripePayments3/ControlManifest.xml</FileName>
    </CustomControl>
  </CustomControls>
  <EntityDataProviders />
  <Connectors>
    <Connector>
      <connectorid>d46ad7ff-d272-48ad-b475-9c68fb9edc26</connectorid>
      <description>Stripe PaymentIntent API connector</description>
      <displayname>StripePaymentIntents</displayname>
      <iconbrandcolor>#007ee5</iconbrandcolor>
      <name>tema_5Fstripepaymentintents</name>
      <connectortype>1</connectortype>
      <openapidefinition>/Connector/tema_5Fstripepaymentintents_openapidefinition.json</openapidefinition>
      <connectionparameters>/Connector/tema_5Fstripepaymentintents_connectionparameters.json</connectionparameters>
      <policytemplateinstances>/Connector/tema_5Fstripepaymentintents_policytemplateinstances.json</policytemplateinstances>
      <iconblob>/Connector/tema_5Fstripepaymentintents_iconblob.Jpeg</iconblob>
    </Connector>
  </Connectors>
  <Languages>
    <Language>1033</Language>
  </Languages>
</ImportExportXml>