<manifest><control namespace="Technomancy" constructor="StripePayments3" version="0.1.11" display-name-key="StripePayments3" description-key="StripePayments3 description" control-type="standard" api-version="1.2.1"><property name="ZipcodeElement" display-name-key="ZIP code capture" description-key="Whether to display ZIP code element ot not" of-type="TwoOptions" usage="input" required="true" default-value="0" /><property name="Customer" display-name-key="Customer" description-key="Customer name or reference" of-type="SingleLine.Text" usage="input" required="false" default-value="" /><property name="Reset" display-name-key="Reset" description-key="Reset from start" of-type="TwoOptions" usage="input" required="false" default-value="false" /><property name="PaymentStatus" display-name-key="PaymentStatus" description-key="Payment status" of-type="SingleLine.Text" usage="bound" required="true" default-value="new" /><property name="StripeClientKey" display-name-key="StripeClientKey" description-key="Stripe client key (public)" of-type="SingleLine.Text" usage="input" required="true" default-value="" /><property name="PaymentIntentClientSecret" display-name-key="PaymentIntentClientSecret" description-key="PaymentIntent.client_secret value" of-type="SingleLine.Text" usage="input" required="true" default-value="" /><property name="CardFontSize" display-name-key="CardFontSize" description-key="Card element font size" of-type="Decimal" usage="input" required="true" default-value="22" /><property name="ButtonFontSize" display-name-key="ButtonFontSize" description-key="Submit button font size" of-type="Decimal" usage="input" required="true" default-value="22" /><property name="ErrorFontSize" display-name-key="ErrorFontSize" description-key="Error message font size" of-type="Decimal" usage="input" required="true" default-value="22" /><resources><code path="bundle.js" order="1" /><css path="css/global.css" order="1" /><css path="css/normalize.css" order="1" /></resources><built-by name="pac" version="1.1.6" /></control></manifest>