<ImportExportXml xmlns:xsi="http://www.w3.org/2001/XMLSchema-instance">
  <Entities></Entities>
  <Roles></Roles>
  <Workflows></Workflows>
  <FieldSecurityProfiles></FieldSecurityProfiles>
  <Templates />
  <EntityMaps />
  <EntityRelationships />
  <OrganizationSettings />
  <optionsets />
  <CustomControls />
  <EntityDataProviders />
  <CanvasApps>
    <CanvasApp>
      <Name>tema_stripedonationswithmoto_47a40</Name>
      <AppVersion>2024-04-27T09:42:43Z</AppVersion>
      <Status>Ready</Status>
      <CreatedByClientVersion>3.24043.33.0</CreatedByClientVersion>
      <MinClientVersion>3.24043.33.0</MinClientVersion>
      <Tags>{"primaryDeviceWidth":"640","primaryDeviceHeight":"1136","sienaVersion":"20240427T093401Z-3.24043.33.0","deviceCapabilities":"","supportsPortrait":"true","supportsLandscape":"false","primaryFormFactor":"Phone","publisherVersion":"3.24043.33","minimumRequiredApiVersion":"2.2.0","hasComponent":"false","hasUnlockedComponent":"false","showStatusBar":"false","isUnifiedRootApp":"false"}</Tags>
      <IsCdsUpgraded>0</IsCdsUpgraded>
      <GalleryItemId xsi:nil="true"></GalleryItemId>
      <BackgroundColor>rgba(0, 176, 240, 1)</BackgroundColor>
      <DisplayName>Stripe Donations with MOTO</DisplayName>
      <Description xsi:nil="true"></Description>
      <CommitMessage xsi:nil="true"></CommitMessage>
      <Publisher xsi:nil="true"></Publisher>
      <AuthorizationReferences>[]</AuthorizationReferences>
      <ConnectionReferences>{"6919c58a-d0bd-4dad-bd58-eea415d7e5a3":{"id":"/providers/microsoft.powerapps/apis/shared_tema-5fstripepaymentintents-5feb9fdd1d6d592fe4","displayName":"StripePaymentIntents","iconUri":"https://prodapiicons.cdn.powerappscdn.net/20240421t000000zb9c5dcc246db4753b339930e1646618c/tema_5Fstripepaymentintents_iconblob.Jpeg","dataSources":["StripePaymentIntent"],"dependencies":[],"dependents":[],"parameterHints":{},"parameterHintsV2":{},"isOnPremiseConnection":false,"bypassConsent":false,"dataSets":{},"apiTier":"Standard","customApiLogicalName":"tema_5Fstripepaymentintents","isCustomApiSolutionAware":true}}</ConnectionReferences>
      <DatabaseReferences>{}</DatabaseReferences>
      <AppComponents>[]</AppComponents>
      <AppComponentDependencies>[]</AppComponentDependencies>
      <CanConsumeAppPass>0</CanConsumeAppPass>
      <CanvasAppType>0</CanvasAppType>
      <BypassConsent>0</BypassConsent>
      <AdminControlBypassConsent>0</AdminControlBypassConsent>
      <EmbeddedApp xsi:nil="true"></EmbeddedApp>
      <IntroducedVersion>1.0</IntroducedVersion>
      <CdsDependencies>{"cdsdependencies":[{"logicalname":"tema_5Fstripepaymentintents","componenttype":372,"componenttypeplatformname":"connector"}]}</CdsDependencies>
      <IsCustomizable>1</IsCustomizable>
      <BackgroundImageUri>/CanvasApps/tema_stripedonationswithmoto_47a40_BackgroundImageUri</BackgroundImageUri>
      <DocumentUri>/CanvasApps/tema_stripedonationswithmoto_47a40_DocumentUri.msapp</DocumentUri>
      <AdditionalUris>
        <AdditionalUri>/CanvasApps/tema_stripedonationswithmoto_47a40_AdditionalUris0_identity.json</AdditionalUri>
      </AdditionalUris>
    </CanvasApp>
    <CanvasApp>
      <Name>tema_stripepaymentsdemo_aa230</Name>
      <AppVersion>2024-04-27T09:27:10Z</AppVersion>
      <Status>Ready</Status>
      <CreatedByClientVersion>3.20023.6.0</CreatedByClientVersion>
      <MinClientVersion>3.20023.6.0</MinClientVersion>
      <Tags>{"primaryDeviceWidth":"640","primaryDeviceHeight":"1136","sienaVersion":"253e0867-698d-4654-b72b-574741969b80","deviceCapabilities":"","supportsPortrait":"true","supportsLandscape":"false","primaryFormFactor":"Phone","publisherVersion":"3.20023.6","minimumRequiredApiVersion":"2.2.0","hasComponent":"false","hasUnlockedComponent":"false"}</Tags>
      <IsCdsUpgraded>0</IsCdsUpgraded>
      <GalleryItemId xsi:nil="true"></GalleryItemId>
      <BackgroundColor>rgba(0, 176, 240, 1)</BackgroundColor>
      <DisplayName>StripePaymentsDemo</DisplayName>
      <Description></Description>
      <CommitMessage></CommitMessage>
      <Publisher></Publisher>
      <AuthorizationReferences xsi:nil="true"></AuthorizationReferences>
      <ConnectionReferences>{"fb684008-1e35-4d23-86ba-45483b6386d9":{"id":"/providers/microsoft.powerapps/apis/shared_tema-5fstripepaymentintents-5f0737a3a710d0a84e","displayName":"StripePaymentIntents","iconUri":"https://prodapiicons.cdn.powerappscdn.net/20200329t000000zdf6cd419e8f7463fb8c92c2d9316856f/customconnectoricon.png","dataSources":["StripePaymentIntent"],"dependencies":[],"dependents":[],"parameterHints":{},"isOnPremiseConnection":false,"bypassConsent":false,"dataSets":{},"apiTier":"Standard"}}</ConnectionReferences>
      <DatabaseReferences>{}</DatabaseReferences>
      <AppComponents>[]</AppComponents>
      <AppComponentDependencies>[]</AppComponentDependencies>
      <CanConsumeAppPass>1</CanConsumeAppPass>
      <CanvasAppType>0</CanvasAppType>
      <BypassConsent>0</BypassConsent>
      <EmbeddedApp xsi:nil="true"></EmbeddedApp>
      <IntroducedVersion>1.0</IntroducedVersion>
      <CdsDependencies>{"cdsdependencies":[]}</CdsDependencies>
      <IsCustomizable>1</IsCustomizable>
      <BackgroundImageUri>/CanvasApps/tema_stripepaymentsdemo_aa230_BackgroundImageUri</BackgroundImageUri>
      <DocumentUri>/CanvasApps/tema_stripepaymentsdemo_aa230_DocumentUri.msapp</DocumentUri>
    </CanvasApp>
  </CanvasApps>
  <Languages>
    <Language>1033</Language>
  </Languages>
</ImportExportXml>