{"swagger":"2.0","info":{"version":"1.0.0","title":"StripePaymentIntent","description":"Stripe PaymentIntent API connector"},"host":"api.stripe.com","basePath":"/v1","schemes":["https"],"consumes":[],"produces":["application/json"],"paths":{"/payment_intents":{"post":{"responses":{"default":{"description":"default","schema":{"type":"object","properties":{"id":{"type":"string","description":"id"},"object":{"type":"string","description":"object"},"amount":{"type":"integer","format":"int32","description":"amount"},"amount_capturable":{"type":"integer","format":"int32","description":"amount_capturable"},"amount_received":{"type":"integer","format":"int32","description":"amount_received"},"application":{"type":"string","description":"application"},"application_fee_amount":{"type":"string","description":"application_fee_amount"},"canceled_at":{"type":"string","description":"canceled_at"},"cancellation_reason":{"type":"string","description":"cancellation_reason"},"capture_method":{"type":"string","description":"capture_method"},"charges":{"type":"object","properties":{"object":{"type":"string","description":"object"},"data":{"type":"array","items":{},"description":"data"},"has_more":{"type":"boolean","description":"has_more"},"total_count":{"type":"integer","format":"int32","description":"total_count"},"url":{"type":"string","description":"url"}},"description":"charges"},"client_secret":{"type":"string","description":"client_secret"},"confirmation_method":{"type":"string","description":"confirmation_method"},"created":{"type":"integer","format":"int32","description":"created"},"currency":{"type":"string","description":"currency"},"customer":{"type":"string","description":"customer"},"description":{"type":"string","description":"description"},"invoice":{"type":"string","description":"invoice"},"last_payment_error":{"type":"string","description":"last_payment_error"},"livemode":{"type":"boolean","description":"livemode"},"metadata":{"type":"object","properties":{},"description":"metadata"},"next_action":{"type":"string","description":"next_action"},"on_behalf_of":{"type":"string","description":"on_behalf_of"},"payment_method":{"type":"string","description":"payment_method"},"payment_method_options":{"type":"object","properties":{"card":{"type":"object","properties":{"installments":{"type":"string","description":"installments"},"request_three_d_secure":{"type":"string","description":"request_three_d_secure"}},"description":"card"}},"description":"payment_method_options"},"payment_method_types":{"type":"array","items":{"type":"string"},"description":"payment_method_types"},"receipt_email":{"type":"string","description":"receipt_email"},"review":{"type":"string","description":"review"},"setup_future_usage":{"type":"string","description":"setup_future_usage"},"shipping":{"type":"string","description":"shipping"},"source":{"type":"string","description":"source"},"statement_descriptor":{"type":"string","description":"statement_descriptor"},"statement_descriptor_suffix":{"type":"string","description":"statement_descriptor_suffix"},"status":{"type":"string","description":"status"},"transfer_data":{"type":"string","description":"transfer_data"},"transfer_group":{"type":"string","description":"transfer_group"}}}}},"summary":"Create Payment Intent","description":"Create Payment Intent","operationId":"CreatePaymentIntent","x-ms-visibility":"advanced","consumes":["application/x-www-form-urlencoded"],"parameters":[{"name":"amount","in":"query","required":false,"type":"integer"},{"name":"currency","in":"query","required":false,"type":"string"},{"name":"description","in":"query","required":false,"type":"string"}]}},"/payment_intents/{id}":{"get":{"responses":{"default":{"description":"default","schema":{"type":"object","properties":{"id":{"type":"string","description":"id"},"object":{"type":"string","description":"object"},"amount":{"type":"integer","format":"int32","description":"amount"},"amount_capturable":{"type":"integer","format":"int32","description":"amount_capturable"},"amount_received":{"type":"integer","format":"int32","description":"amount_received"},"application":{"type":"string","description":"application"},"application_fee_amount":{"type":"string","description":"application_fee_amount"},"canceled_at":{"type":"string","description":"canceled_at"},"cancellation_reason":{"type":"string","description":"cancellation_reason"},"capture_method":{"type":"string","description":"capture_method"},"charges":{"type":"object","properties":{"object":{"type":"string","description":"object"},"data":{"type":"array","items":{"type":"object","properties":{"id":{"type":"string","description":"id"},"object":{"type":"string","description":"object"},"amount":{"type":"integer","format":"int32","description":"amount"},"amount_refunded":{"type":"integer","format":"int32","description":"amount_refunded"},"application":{"type":"string","description":"application"},"application_fee":{"type":"string","description":"application_fee"},"application_fee_amount":{"type":"string","description":"application_fee_amount"},"balance_transaction":{"type":"string","description":"balance_transaction"},"billing_details":{"type":"object","properties":{"address":{"type":"object","properties":{"city":{"type":"string","description":"city"},"country":{"type":"string","description":"country"},"line1":{"type":"string","description":"line1"},"line2":{"type":"string","description":"line2"},"postal_code":{"type":"string","description":"postal_code"},"state":{"type":"string","description":"state"}},"description":"address"},"email":{"type":"string","description":"email"},"name":{"type":"string","description":"name"},"phone":{"type":"string","description":"phone"}},"description":"billing_details"},"captured":{"type":"boolean","description":"captured"},"created":{"type":"integer","format":"int32","description":"created"},"currency":{"type":"string","description":"currency"},"customer":{"type":"string","description":"customer"},"description":{"type":"string","description":"description"},"destination":{"type":"string","description":"destination"},"dispute":{"type":"string","description":"dispute"},"disputed":{"type":"boolean","description":"disputed"},"failure_code":{"type":"string","description":"failure_code"},"failure_message":{"type":"string","description":"failure_message"},"fraud_details":{"type":"object","properties":{},"description":"fraud_details"},"invoice":{"type":"string","description":"invoice"},"livemode":{"type":"boolean","description":"livemode"},"metadata":{"type":"object","properties":{},"description":"metadata"},"on_behalf_of":{"type":"string","description":"on_behalf_of"},"order":{"type":"string","description":"order"},"outcome":{"type":"object","properties":{"network_status":{"type":"string","description":"network_status"},"reason":{"type":"string","description":"reason"},"risk_level":{"type":"string","description":"risk_level"},"risk_score":{"type":"integer","format":"int32","description":"risk_score"},"seller_message":{"type":"string","description":"seller_message"},"type":{"type":"string","description":"type"}},"description":"outcome"},"paid":{"type":"boolean","description":"paid"},"payment_intent":{"type":"string","description":"payment_intent"},"payment_method":{"type":"string","description":"payment_method"},"payment_method_details":{"type":"object","properties":{"card":{"type":"object","properties":{"brand":{"type":"string","description":"brand"},"checks":{"type":"object","properties":{"address_line1_check":{"type":"string","description":"address_line1_check"},"address_postal_code_check":{"type":"string","description":"address_postal_code_check"},"cvc_check":{"type":"string","description":"cvc_check"}},"description":"checks"},"country":{"type":"string","description":"country"},"exp_month":{"type":"integer","format":"int32","description":"exp_month"},"exp_year":{"type":"integer","format":"int32","description":"exp_year"},"fingerprint":{"type":"string","description":"fingerprint"},"funding":{"type":"string","description":"funding"},"installments":{"type":"string","description":"installments"},"last4":{"type":"string","description":"last4"},"network":{"type":"string","description":"network"},"three_d_secure":{"type":"string","description":"three_d_secure"},"wallet":{"type":"string","description":"wallet"}},"description":"card"},"type":{"type":"string","description":"type"}},"description":"payment_method_details"},"receipt_email":{"type":"string","description":"receipt_email"},"receipt_number":{"type":"string","description":"receipt_number"},"receipt_url":{"type":"string","description":"receipt_url"},"refunded":{"type":"boolean","description":"refunded"},"refunds":{"type":"object","properties":{"object":{"type":"string","description":"object"},"data":{"type":"array","items":{},"description":"data"},"has_more":{"type":"boolean","description":"has_more"},"total_count":{"type":"integer","format":"int32","description":"total_count"},"url":{"type":"string","description":"url"}},"description":"refunds"},"review":{"type":"string","description":"review"},"shipping":{"type":"string","description":"shipping"},"source":{"type":"string","description":"source"},"source_transfer":{"type":"string","description":"source_transfer"},"statement_descriptor":{"type":"string","description":"statement_descriptor"},"statement_descriptor_suffix":{"type":"string","description":"statement_descriptor_suffix"},"status":{"type":"string","description":"status"},"transfer_data":{"type":"string","description":"transfer_data"},"transfer_group":{"type":"string","description":"transfer_group"}}},"description":"data"},"has_more":{"type":"boolean","description":"has_more"},"total_count":{"type":"integer","format":"int32","description":"total_count"},"url":{"type":"string","description":"url"}},"description":"charges"},"client_secret":{"type":"string","description":"client_secret"},"confirmation_method":{"type":"string","description":"confirmation_method"},"created":{"type":"integer","format":"int32","description":"created"},"currency":{"type":"string","description":"currency"},"customer":{"type":"string","description":"customer"},"description":{"type":"string","description":"description"},"invoice":{"type":"string","description":"invoice"},"last_payment_error":{"type":"string","description":"last_payment_error"},"livemode":{"type":"boolean","description":"livemode"},"metadata":{"type":"object","properties":{},"description":"metadata"},"next_action":{"type":"string","description":"next_action"},"on_behalf_of":{"type":"string","description":"on_behalf_of"},"payment_method":{"type":"string","description":"payment_method"},"payment_method_options":{"type":"object","properties":{"card":{"type":"object","properties":{"installments":{"type":"string","description":"installments"},"request_three_d_secure":{"type":"string","description":"request_three_d_secure"}},"description":"card"}},"description":"payment_method_options"},"payment_method_types":{"type":"array","items":{"type":"string"},"description":"payment_method_types"},"receipt_email":{"type":"string","description":"receipt_email"},"review":{"type":"string","description":"review"},"setup_future_usage":{"type":"string","description":"setup_future_usage"},"shipping":{"type":"string","description":"shipping"},"source":{"type":"string","description":"source"},"statement_descriptor":{"type":"string","description":"statement_descriptor"},"statement_descriptor_suffix":{"type":"string","description":"statement_descriptor_suffix"},"status":{"type":"string","description":"status"},"transfer_data":{"type":"string","description":"transfer_data"},"transfer_group":{"type":"string","description":"transfer_group"}}}}},"summary":"Get Payment Intent","description":"Get Payment Intent","operationId":"GetPaymentIntent","x-ms-visibility":"advanced","parameters":[{"name":"id","in":"path","required":true,"type":"string"}]}}},"definitions":{},"parameters":{},"responses":{},"securityDefinitions":{"API Key":{"type":"apiKey","in":"header","name":"Authorization"}},"security":[{"API Key":[]}],"tags":[]}